chromosome,start,stop
SNOMED CT:254878006;MedGen:C0684249,OMIM:211980,SNOMED CT:187875007"
SNOMED CT:254878006;MedGen:C0684249,OMIM:211980,SNOMED CT:187875007"
SNOMED CT:254637007;MedGen:C0149782",somatic,GRCh37
SNOMED CT:254637007;MedGen:C0149782",somatic,GRCh38
Orphanet:ORPHA86834;MedGen:C0858252;MedGen:C2674723,OMIM:614470,Orphanet:ORPHA3261"
Orphanet:ORPHA86834;MedGen:C0858252;MedGen:C2674723,OMIM:614470,Orphanet:ORPHA3261"
12,25380283,25380283
12,25227349,25227349
Orphanet:ORPHA63443,SNOMED CT:126824007;MedGen:C0235974,OMIM:260350
Orphanet:ORPHA63443,SNOMED CT:126824007;MedGen:C0235974,OMIM:260350
Orphanet:ORPHA1333,SNOMED CT:372142002;MedGen:C0349639,OMIM:607785
Orphanet:ORPHA1333,SNOMED CT:372142002;MedGen:C0349639,OMIM:607785
Orphanet:ORPHA63443,SNOMED CT:126824007;MedGen:C0349639,OMIM:607785
Orphanet:ORPHA63443,SNOMED CT:126824007;MedGen:C0349639,OMIM:607785
Orphanet:ORPHA519,SNOMED CT:91861009",somatic
Orphanet:ORPHA519,SNOMED CT:91861009",somatic
Orphanet:ORPHA648;MedGen:CN166718;MedGen:CN176912,OMIM:615278,Orphanet:ORPHA1340"
Orphanet:ORPHA648;MedGen:CN166718;MedGen:CN176912,OMIM:615278,Orphanet:ORPHA1340"
Orphanet:ORPHA648;MedGen:CN166718;MedGen:CN176912,OMIM:615278,Orphanet:ORPHA1340"
Orphanet:ORPHA648;MedGen:CN166718;MedGen:CN176912,OMIM:615278,Orphanet:ORPHA1340"
Orphanet:ORPHA648;MedGen:CN166718",germline,GRCh37
Orphanet:ORPHA648;MedGen:CN166718",germline,GRCh38
Orphanet:ORPHA648;MedGen:C0476089,OMIM:608089,SNOMED CT:254878006;MedGen:CN166718"
Orphanet:ORPHA648;MedGen:C0476089,OMIM:608089,SNOMED CT:254878006;MedGen:CN166718"
germline,GRCh37,12
germline,GRCh38,12
Orphanet:ORPHA648",germline,GRCh37
Orphanet:ORPHA648",germline,GRCh38
GRCh37,12,25398282
GRCh38,12,25245348
germline,GRCh37,12
germline,GRCh38,12
germline,GRCh37,12
germline,GRCh38,12
Orphanet:ORPHA648;MedGen:CN166718",germline;unknown,GRCh37
Orphanet:ORPHA648;MedGen:CN166718",germline;unknown,GRCh38
Orphanet:ORPHA648;MedGen:CN166718",germline,GRCh37
Orphanet:ORPHA648;MedGen:CN166718",germline,GRCh38
germline,GRCh37,12
germline,GRCh38,12
germline,GRCh37,12
germline,GRCh38,12
Orphanet:ORPHA648;MedGen:CN166718;MedGen:CN221809",germline,GRCh37
Orphanet:ORPHA648;MedGen:CN166718;MedGen:CN221809",germline,GRCh38
12,25398254,25398254
12,25245320,25245320
Orphanet:ORPHA648;MedGen:CN166718;MedGen:CN221809",germline,GRCh37
Orphanet:ORPHA648;MedGen:CN166718;MedGen:CN221809",germline,GRCh38
12,25378643,25378643
12,25225709,25225709
12,25362854,25362854
12,25209920,25209920
Orphanet:ORPHA648;MedGen:CN166718",germline,GRCh37
Orphanet:ORPHA648;MedGen:CN166718",germline,GRCh38
12,25362777,25362777
12,25209843,25209843
12,25403831,25403833
12,25250897,25250899
12,25403843,25403851
12,25250909,25250917
12,25403727,25403727
12,25250793,25250793
12,25380278,25380278
12,25227344,25227344
Orphanet:ORPHA648",germline,GRCh37
Orphanet:ORPHA648",germline,GRCh38
GRCh37,12,25380276
GRCh38,12,25227342
GRCh37,12,25380275
GRCh38,12,25227341
12,25380260,25380260
12,25227326,25227326
12,25398295,25398295
12,25245361,25245361
12,25380197,25380197
12,25227263,25227263
12,25398286,25398286
12,25245352,25245352
GRCh37,12,25398284
GRCh38,12,25245350
Orphanet:ORPHA3261",somatic,GRCh37
Orphanet:ORPHA3261",somatic,GRCh38
GRCh37,12,25398281
GRCh38,12,25245347
GRCh37,12,25398280
GRCh38,12,25245346
Orphanet:ORPHA648",germline,GRCh37
Orphanet:ORPHA648",germline,GRCh38
Orphanet:ORPHA648;MedGen:CN166718",germline,GRCh37
Orphanet:ORPHA648;MedGen:CN166718",germline,GRCh38
12,25362805,25362805
12,25209871,25209871
12,25362763,25362765
12,25209829,25209831
12,25368462,25368462
12,25215528,25215528
12,25368449,25368449
12,25215515,25215515
12,25368410,25368410
12,25215476,25215476
12,25368405,25368405
12,25215471,25215471
12,25368380,25368380
12,25215446,25215446
SNOMED CT:254843006",somatic,GRCh37
SNOMED CT:254843006",somatic,GRCh38
12,25380242,25380242
12,25227308,25227308
12,25380239,25380239
12,25227305,25227305
12,25362859,25362859
12,25209925,25209925
12,25398229,25398229
12,25245295,25245295
12,25403721,25403721
12,25250787,25250787
12,25403700,25403700
12,25250766,25250766
12,25403667,25403667
12,25250733,25250733
Orphanet:ORPHA155,Orphanet:ORPHA217569,Orphanet:ORPHA99739
Orphanet:ORPHA155,Orphanet:ORPHA217569,Orphanet:ORPHA99739
Orphanet:ORPHA648",germline,GRCh38
Orphanet:ORPHA648",germline,GRCh37
Orphanet:ORPHA648",germline,GRCh37
Orphanet:ORPHA648",germline,GRCh38
12,25368497,25368497
12,25215563,25215563
GRCh37,12,25380168
GRCh38,12,25227234
Orphanet:ORPHA648",germline,GRCh37
Orphanet:ORPHA648",germline,GRCh38
GRCh37,12,25380277
GRCh38,12,25227343
Orphanet:ORPHA648",germline,GRCh37
Orphanet:ORPHA648",germline,GRCh38
12,25403795,25403795
12,25250861,25250861
12,25403833,25403833
12,25250899,25250899
12,25403851,25403851
12,25250917,25250917
12,25368462,25368462
12,25215528,25215528
12,25378537,25378537
12,25225603,25225603
12,25380230,25380230
12,25227296,25227296
GRCh37,12,25380275
GRCh38,12,25227341
Orphanet:ORPHA648;MedGen:C0007131,SNOMED CT:254637007;MedGen:CN166718",germline;somatic
Orphanet:ORPHA648;MedGen:C0007131,SNOMED CT:254637007;MedGen:CN166718",germline;somatic
12,25380355,25380355
12,25227421,25227421
GRCh37,12,25398280
GRCh38,12,25245346
12,25403810,25403821
12,25250876,25250887
12,25403840,25403840
12,25250906,25250906
12,25378717,25378717
12,25225783,25225783
12,25403702,25403721
12,25250768,25250787
12,25362813,25362813
12,25209879,25209879
12,25209854,25209854
12,25362788,25362788
12,25225675,25225675
12,25378609,25378609
12,25380269,25380271
12,25227335,25227337
12,25227376,25227376
12,25380310,25380310
12,25245317,25245317
12,25398251,25398251
SNOMED CT:428850001;GeneReviews:NBK1311,MedGen:C1835398,OMIM:151623
SNOMED CT:428850001;GeneReviews:NBK1311,MedGen:C1835398,OMIM:151623
Orphanet:ORPHA524;MedGen:C0027672,SNOMED CT:699346009",germline
Orphanet:ORPHA524;MedGen:C0027672,SNOMED CT:699346009",germline
Orphanet:ORPHA524;MedGen:C0027672,SNOMED CT:699346009",germline
Orphanet:ORPHA524;MedGen:C0027672,SNOMED CT:699346009",germline
Orphanet:ORPHA524",germline,GRCh37
Orphanet:ORPHA524",germline,GRCh38
Orphanet:ORPHA524;MedGen:C0027672,SNOMED CT:699346009;MedGen:CN169374;MedGen:CN221809",germline;unknown
Orphanet:ORPHA524;MedGen:C0027672,SNOMED CT:699346009;MedGen:CN169374;MedGen:CN221809",germline;unknown
OMIM:114550,Orphanet:ORPHA88673,SNOMED CT:187769009
OMIM:114550,Orphanet:ORPHA88673,SNOMED CT:187769009
SNOMED CT:187769009,SNOMED CT:25370001",somatic
SNOMED CT:187769009,SNOMED CT:25370001",somatic
GRCh37,17,7577556
GRCh38,17,7674238
Orphanet:ORPHA524;MedGen:C0027672,SNOMED CT:699346009",germline
Orphanet:ORPHA524;MedGen:C0027672,SNOMED CT:699346009",germline
Orphanet:ORPHA524;MedGen:C0027672,SNOMED CT:699346009;MedGen:C1261473",germline
Orphanet:ORPHA524;MedGen:C0027672,SNOMED CT:699346009;MedGen:C1261473",germline
Orphanet:ORPHA524",germline,GRCh37
Orphanet:ORPHA524",germline,GRCh38
Orphanet:ORPHA524;MedGen:C0027672,SNOMED CT:699346009",germline
Orphanet:ORPHA524;MedGen:C0027672,SNOMED CT:699346009",germline
Orphanet:ORPHA668,SNOMED CT:21708004;MedGen:C0206624",germline
Orphanet:ORPHA668,SNOMED CT:21708004;MedGen:C0206624",germline
MedGen:C1835398,OMIM:151623,Orphanet:ORPHA524"
Orphanet:ORPHA524",germline,GRCh37
Orphanet:ORPHA524",germline,GRCh38
germline,NA,NA
17,7579329,7579329
17,7676011,7676011
SNOMED CT:428850001;GeneReviews:NBK1311,MedGen:C1835398,OMIM:151623
SNOMED CT:428850001;GeneReviews:NBK1311,MedGen:C1835398,OMIM:151623
SNOMED CT:428850001;GeneReviews:NBK1311,MedGen:C1835398,OMIM:151623
SNOMED CT:428850001;GeneReviews:NBK1311,MedGen:C1835398,OMIM:151623
Orphanet:ORPHA524;MedGen:C0027672,SNOMED CT:699346009;MedGen:C0238461",germline;somatic
Orphanet:ORPHA524;MedGen:C0027672,SNOMED CT:699346009;MedGen:C0238461",germline;somatic
SNOMED CT:699346009;MedGen:CN029768,OMIM:114500",germline
SNOMED CT:699346009;MedGen:CN029768,OMIM:114500",germline
somatic,GRCh37,17
somatic,GRCh38,17
GRCh37,17,7578479
GRCh38,17,7675161
17,7578479,7578479
17,7675161,7675161
SNOMED CT:372142002",somatic,GRCh37
SNOMED CT:372142002",somatic,GRCh38
17,7577511,7577511
17,7674193,7674193
MedGen:C1835398,OMIM:151623,Orphanet:ORPHA524"
Orphanet:ORPHA524;MedGen:C0027672,SNOMED CT:699346009",germline
Orphanet:ORPHA524;MedGen:C0027672,SNOMED CT:699346009",germline
Orphanet:ORPHA524",germline,GRCh37
Orphanet:ORPHA524",germline,GRCh38
Orphanet:ORPHA524",germline,GRCh37
Orphanet:ORPHA524",germline,GRCh38
MedGen:C1835398,OMIM:151623,Orphanet:ORPHA524"
Orphanet:ORPHA524",germline,GRCh37
Orphanet:ORPHA524",germline,GRCh38
GRCh37,17,7574017
GRCh38,17,7670699
OMIM:259500,Orphanet:ORPHA668,SNOMED CT:21708004;MedGen:C0205770
OMIM:151623,Orphanet:ORPHA524",germline
Orphanet:ORPHA524;MedGen:C0027672,SNOMED CT:699346009;MedGen:CN029768,OMIM:114500"
Orphanet:ORPHA524;MedGen:C0027672,SNOMED CT:699346009;MedGen:CN029768,OMIM:114500"
Orphanet:ORPHA524",germline,GRCh37
Orphanet:ORPHA524",germline,GRCh38
17,7577084,7577084
17,7673766,7673766
GRCh37,17,7571752
GRCh38,17,7668434
Orphanet:ORPHA94",germline,GRCh37
Orphanet:ORPHA94",germline,GRCh38
GRCh37,17,7579882
GRCh38,17,7676564
17,7573987,7573987
17,7670669,7670669
Orphanet:ORPHA524;MedGen:C0027672,SNOMED CT:699346009;MedGen:CN169374",germline
Orphanet:ORPHA524;MedGen:C0027672,SNOMED CT:699346009;MedGen:CN169374",germline
Orphanet:ORPHA524;MedGen:C0027672,SNOMED CT:699346009",germline
Orphanet:ORPHA524;MedGen:C0027672,SNOMED CT:699346009",germline
SNOMED CT:428850001;GeneReviews:NBK1311,MedGen:C1835398,OMIM:151623
SNOMED CT:428850001;GeneReviews:NBK1311,MedGen:C1835398,OMIM:151623
GRCh37,17,7578210
GRCh38,17,7674892
17,7577540,7577563
17,7674222,7674245
Orphanet:ORPHA524",germline,GRCh37
Orphanet:ORPHA524",germline,GRCh38
Orphanet:ORPHA524;MedGen:C0027672,SNOMED CT:699346009;MedGen:C0376358,OMIM:176807
Orphanet:ORPHA524;MedGen:C0027672,SNOMED CT:699346009;MedGen:C0376358,OMIM:176807
Orphanet:ORPHA524;MedGen:C0027672,SNOMED CT:699346009",germline
Orphanet:ORPHA524;MedGen:C0027672,SNOMED CT:699346009",germline
GRCh37,15,43724503
GRCh38,15,43432305
NCBI36,15,41511795
germline;somatic,GRCh37,17
germline;somatic,GRCh38,17
germline;somatic,NCBI36,17
GRCh37,2,24302354
GRCh38,2,24079484
NCBI36,2,24155858
GRCh37,11,128805579
NCBI36,11,128310789
GRCh38,11,128935684
GRCh37,11,128806471
GRCh38,11,128936576
NCBI36,11,128311681
GRCh37,11,128807591
GRCh38,11,128937696
NCBI36,11,128312801
GRCh37,11,44956528
GRCh38,11,44934977
NCBI36,11,44913104
GRCh37,15,43712773
GRCh38,15,43420575
NCBI36,15,41500065
GRCh37,15,43720338
GRCh38,15,43428140
NCBI36,15,41507630
germline;somatic,GRCh37,17
germline;somatic,GRCh38,17
germline;somatic,NCBI36,17
germline;somatic,GRCh37,17
germline;somatic,NCBI36,17
germline;somatic,GRCh38,17
GRCh37,17,7578530
GRCh38,17,7675212
NCBI36,17,7519255
17,7577046,7577046
17,7673728,7673728
17,7579675,7579690
17,7676357,7676372
GRCh37,17,7576841
GRCh38,17,7673523
17,7578262,7578262
17,7674944,7674944
GRCh37,17,7577545
GRCh38,17,7674227
17,7577051,7577051
17,7673733,7673733
somatic,GRCh37,15
somatic,GRCh38,15
GRCh37,17,7590691
GRCh38,17,7687373
GRCh37,17,7579514
GRCh38,17,7676196
SNOMED CT:428850001;MedGen:C0027672,SNOMED CT:699346009",germline
SNOMED CT:428850001;MedGen:C0027672,SNOMED CT:699346009",germline
GRCh37,17,7579885
GRCh38,17,7676567
GRCh37,17,7579359
GRCh38,17,7676041
GRCh37,17,7579358
GRCh38,17,7676040
GRCh37,17,7579321
GRCh38,17,7676003
GRCh37,17,7578464
GRCh38,17,7675146
SNOMED CT:428850001;MedGen:C0027672,SNOMED CT:699346009",germline
SNOMED CT:428850001;MedGen:C0027672,SNOMED CT:699346009",germline
GRCh37,17,7578458
GRCh38,17,7675140
GRCh37,17,7578445
GRCh38,17,7675127
GRCh37,17,7578442
GRCh38,17,7675124
GRCh37,17,7578395
GRCh38,17,7675077
GRCh37,17,7578277
GRCh38,17,7674959
GRCh37,17,7578269
GRCh38,17,7674951
GRCh37,17,7578245
GRCh38,17,7674927
GRCh37,17,7578190
GRCh38,17,7674872
GRCh37,17,7577580
GRCh38,17,7674262
SNOMED CT:428850001;MedGen:C0027672,SNOMED CT:699346009;MedGen:C0035412;MedGen:CN169374",germline
SNOMED CT:428850001;MedGen:C0027672,SNOMED CT:699346009;MedGen:C0035412;MedGen:CN169374",germline
GRCh37,17,7577544
GRCh38,17,7674226
GRCh37,17,7577138
GRCh38,17,7673820
Orphanet:ORPHA63443,SNOMED CT:126824007;MedGen:CN169374",germline
Orphanet:ORPHA63443,SNOMED CT:126824007;MedGen:CN169374",germline
SNOMED CT:428850001;MedGen:C0027672,SNOMED CT:699346009",germline
SNOMED CT:428850001;MedGen:C0027672,SNOMED CT:699346009",germline
GRCh37,17,7577061
GRCh38,17,7673743
SNOMED CT:428850001;MedGen:C0027672,SNOMED CT:699346009;MedGen:CN169374",germline
SNOMED CT:428850001;MedGen:C0027672,SNOMED CT:699346009;MedGen:CN169374",germline
SNOMED CT:428850001;MedGen:C0027672,SNOMED CT:699346009",germline
SNOMED CT:428850001;MedGen:C0027672,SNOMED CT:699346009",germline
SNOMED CT:428850001;MedGen:C0027672,SNOMED CT:699346009;MedGen:CN169374",germline
SNOMED CT:428850001;MedGen:C0027672,SNOMED CT:699346009;MedGen:CN169374",germline
SNOMED CT:123843001",germline;somatic,GRCh37
SNOMED CT:123843001",germline;somatic,GRCh38
17,7577052,7577052
17,7673734,7673734
17,7576877,7576877
17,7673559,7673559
SNOMED CT:254843006",somatic,GRCh37
SNOMED CT:254843006",somatic,GRCh38
SNOMED CT:254843006",somatic,GRCh37
SNOMED CT:254843006",somatic,GRCh38
17,7578471,7578482
17,7675153,7675164
17,7578471,7578480
17,7675153,7675162
17,7578470,7578470
17,7675152,7675152
somatic,GRCh37,17
somatic,GRCh38,17
17,7578142,7578142
17,7674824,7674824
17,7578146,7578146
17,7674828,7674828
17,7674926,7674926
17,7578244,7578244
SNOMED CT:428850001;GeneReviews:NBK1311,MedGen:C1835398,OMIM:151623
SNOMED CT:428850001;GeneReviews:NBK1311,MedGen:C1835398,OMIM:151623
GRCh38,17,7670613
GRCh37,17,7573931
17,7673312,7673312
17,7576630,7576630
SNOMED CT:428850001;MedGen:C0027672,SNOMED CT:699346009",germline
SNOMED CT:428850001;MedGen:C0027672,SNOMED CT:699346009",germline
SNOMED CT:428850001",germline,GRCh37
SNOMED CT:428850001",germline,GRCh38
SNOMED CT:428850001;MedGen:C0027672,SNOMED CT:699346009",germline
SNOMED CT:428850001;MedGen:C0027672,SNOMED CT:699346009",germline
GRCh37,17,7579801
GRCh38,17,7676483
GRCh37,17,7577482
GRCh38,17,7674164
GRCh37,17,7579892
GRCh38,17,7676574
GRCh37,17,7579368
GRCh38,17,7676050
GRCh37,17,7578508
GRCh38,17,7675190
GRCh37,17,7577094
GRCh38,17,7673776
GRCh37,17,7579437
GRCh38,17,7676119
GRCh37,17,7579359
GRCh38,17,7676041
GRCh37,17,7578207
GRCh38,17,7674889
Orphanet:ORPHA524;MedGen:C0027672,SNOMED CT:699346009",germline
Orphanet:ORPHA524;MedGen:C0027672,SNOMED CT:699346009",germline
GRCh37,17,7579543
GRCh38,17,7676225
GRCh37,17,7579329
GRCh38,17,7676011
GRCh37,17,7579323
GRCh38,17,7676005
GRCh37,17,7576911
GRCh38,17,7673593
GRCh37,17,7579373
GRCh38,17,7676055
GRCh37,17,7577096
GRCh38,17,7673778
GRCh37,17,7574024
GRCh38,17,7670706
GRCh37,17,7577090
GRCh38,17,7673772
GRCh37,17,7577586
GRCh38,17,7674268
GRCh37,17,7577154
GRCh38,17,7673836
GRCh37,17,7579350
GRCh38,17,7676032
GRCh38,17,7670627
GRCh37,17,7573945
GRCh37,17,7573010
GRCh38,17,7669692
GRCh37,17,7578376
GRCh38,17,7675058
GRCh37,17,7576927
GRCh38,17,7673609
GRCh38,17,7669628
GRCh37,17,7572946
GRCh38,17,7676244
GRCh37,17,7579562
GRCh37,17,7577046
GRCh38,17,7673728
GRCh37,17,7579466
GRCh38,17,7676148
SNOMED CT:428850001;MedGen:C0027672,SNOMED CT:699346009",germline
SNOMED CT:428850001;MedGen:C0027672,SNOMED CT:699346009",germline
GRCh38,17,7669671
GRCh37,17,7572989
GRCh38,17,7676262
GRCh37,17,7579580
GRCh37,17,7577121
GRCh38,17,7673803
GRCh37,17,7578526
GRCh38,17,7675208
GRCh37,17,7577139
GRCh38,17,7673821
GRCh37,17,7577079
GRCh38,17,7673761
GRCh38,17,7674218
GRCh37,17,7577536
GRCh37,17,7574012
GRCh38,17,7670694
GRCh38,17,7676121
GRCh37,17,7579439
GRCh37,17,7578457
GRCh38,17,7675139
GRCh37,17,7579431
GRCh38,17,7676113
GRCh37,17,7578539
GRCh38,17,7675221
SNOMED CT:428850001;MedGen:C0027672,SNOMED CT:699346009",germline
SNOMED CT:428850001;MedGen:C0027672,SNOMED CT:699346009",germline
GRCh38,17,7674887
GRCh37,17,7578205
GRCh37,17,7578496
GRCh38,17,7675178
GRCh37,17,7573955
GRCh38,17,7670637
GRCh37,17,7577511
GRCh38,17,7674193
GRCh38,17,7673704
GRCh37,17,7577022
GRCh38,17,7676388
GRCh37,17,7579706
GRCh38,17,7670716
GRCh37,17,7574034
GRCh37,17,7577575
GRCh38,17,7674257
GRCh38,17,7676041
GRCh37,17,7579359
GRCh37,17,7577535
GRCh38,17,7674217
GRCh38,17,7670711
GRCh37,17,7574029
SNOMED CT:428850001;MedGen:C0027672,SNOMED CT:699346009",germline
SNOMED CT:428850001;MedGen:C0027672,SNOMED CT:699346009",germline
germline,GRCh37,17
germline,GRCh38,17
GRCh38,17,7673713
GRCh37,17,7577031
GRCh38,17,7675153
GRCh37,17,7578471
GRCh38,17,7670596
GRCh37,17,7573914
GRCh38,17,7676152
GRCh37,17,7579470
GRCh38,17,7676049
GRCh37,17,7579367
GRCh38,17,7676047
GRCh37,17,7579365
GRCh38,17,7676030
GRCh37,17,7579348
GRCh38,17,7670700
GRCh37,17,7574018
GRCh38,17,7670630
GRCh37,17,7573948
GRCh38,17,7676264
GRCh37,17,7579582
SNOMED CT:428850001;MedGen:C0027672,SNOMED CT:699346009",germline
SNOMED CT:428850001;MedGen:C0027672,SNOMED CT:699346009",germline
GRCh38,17,7676212
GRCh37,17,7579530
GRCh38,17,7675185
GRCh37,17,7578503
GRCh38,17,7676576
GRCh37,17,7579894
GRCh38,17,7676049
GRCh37,17,7579367
GRCh37,17,7579550
GRCh38,17,7676232
GRCh38,17,7673710
GRCh37,17,7577028
GRCh38,17,7674252
GRCh37,17,7577570
SNOMED CT:428850001;MedGen:C0027672,SNOMED CT:699346009",germline
SNOMED CT:428850001;MedGen:C0027672,SNOMED CT:699346009",germline
GRCh38,17,7670699
GRCh37,17,7574017
GRCh38,17,7670694
GRCh37,17,7574012
GRCh38,17,7676155
GRCh37,17,7579473
GRCh38,17,7676198
GRCh37,17,7579516
GRCh38,17,7673833
GRCh37,17,7577151
GRCh38,17,7676250
GRCh37,17,7579568
16,32066967,32573867
16,32055646,32562546
16,31986157,32637879
16,31974836,32626558
16,32573813,32746843
16,32562492,32735522
Orphanet:ORPHA524",germline,GRCh38
Orphanet:ORPHA524",germline,GRCh37
Orphanet:ORPHA524",germline,GRCh38
Orphanet:ORPHA524",germline,GRCh37
Orphanet:ORPHA524",germline,GRCh38
Orphanet:ORPHA524",germline,GRCh37
SNOMED CT:428850001;MedGen:C0027672,SNOMED CT:699346009",germline
SNOMED CT:428850001;MedGen:C0027672,SNOMED CT:699346009",germline
SNOMED CT:399068003",somatic,GRCh38
SNOMED CT:399068003",somatic,GRCh37
SNOMED CT:399068003",somatic,GRCh38
SNOMED CT:399068003",somatic,GRCh37
SNOMED CT:399068003",somatic,GRCh38
SNOMED CT:399068003",somatic,GRCh37
Orphanet:ORPHA1331,SNOMED CT:399068003",germline;somatic
Orphanet:ORPHA1331,SNOMED CT:399068003",germline;somatic
Orphanet:ORPHA524",germline,GRCh37
Orphanet:ORPHA524",germline,GRCh38
17,7579472,7579472
17,7676154,7676154
Orphanet:ORPHA524",germline,GRCh37
Orphanet:ORPHA524",germline,GRCh38
Orphanet:ORPHA524",germline,GRCh37
Orphanet:ORPHA524",germline,GRCh38
GRCh38,17,7669641
GRCh37,17,7572959
GRCh38,17,7669666
GRCh37,17,7572984
GRCh37,17,7574003
GRCh38,17,7670685
GRCh38,17,7670695
GRCh37,17,7574013
GRCh38,17,7670709
GRCh37,17,7574027
GRCh38,17,7670732
GRCh37,17,7574050
GRCh38,17,7673194
GRCh37,17,7576512
GRCh38,17,7673522
GRCh37,17,7576840
GRCh38,17,7673775
GRCh37,17,7577093
GRCh38,17,7673778
GRCh37,17,7577096
GRCh38,17,7674169
GRCh37,17,7577487
GRCh38,17,7674211
GRCh37,17,7577529
GRCh38,17,7674212
GRCh37,17,7577530
GRCh38,17,7674235
GRCh37,17,7577553
SNOMED CT:428850001;MedGen:C0027672,SNOMED CT:699346009",germline
SNOMED CT:428850001;MedGen:C0027672,SNOMED CT:699346009",germline
GRCh37,17,7577572
GRCh38,17,7674254
GRCh38,17,7674256
GRCh37,17,7577574
GRCh38,17,7674271
GRCh37,17,7577589
GRCh38,17,7674841
GRCh37,17,7578159
SNOMED CT:428850001;MedGen:C0027672,SNOMED CT:699346009",germline
SNOMED CT:428850001;MedGen:C0027672,SNOMED CT:699346009",germline
GRCh38,17,7674924
GRCh37,17,7578242
GRCh38,17,7674926
GRCh37,17,7578244
GRCh38,17,7674928
GRCh37,17,7578246
GRCh38,17,7674956
GRCh37,17,7578274
GRCh38,17,7675088
GRCh37,17,7578406
GRCh38,17,7675119
GRCh37,17,7578437
GRCh38,17,7675136
GRCh37,17,7578454
GRCh37,17,7578455
GRCh38,17,7675137
GRCh38,17,7675157
GRCh37,17,7578475
GRCh38,17,7675232
GRCh37,17,7578550
GRCh38,17,7675983
GRCh37,17,7579301
GRCh38,17,7675988
GRCh37,17,7579306
GRCh38,17,7675999
GRCh37,17,7579317
GRCh38,17,7676025
GRCh37,17,7579343
GRCh38,17,7676072
GRCh37,17,7579390
GRCh37,17,7579397
GRCh38,17,7676079
GRCh38,17,7676080
GRCh37,17,7579398
GRCh38,17,7676103
GRCh37,17,7579421
GRCh38,17,7676124
GRCh37,17,7579442
GRCh38,17,7676153
GRCh37,17,7579471
GRCh38,17,7676154
GRCh37,17,7579472
GRCh38,17,7676181
GRCh37,17,7579499
GRCh38,17,7676263
GRCh37,17,7579581
GRCh38,17,7676281
GRCh37,17,7579599
GRCh38,17,7676351
GRCh37,17,7579669
GRCh38,17,7676351
GRCh37,17,7579669
GRCh38,17,7676352
GRCh37,17,7579670
GRCh38,17,7676366
GRCh37,17,7579684
GRCh37,17,7579895
GRCh38,17,7676577
SNOMED CT:428850001",germline,GRCh38
SNOMED CT:428850001",germline,GRCh37
GRCh37,17,7572960
GRCh38,17,7669642
GRCh38,17,7669654
GRCh37,17,7572972
GRCh37,17,7572974
GRCh38,17,7669656
GRCh37,17,7572974
GRCh38,17,7669656
GRCh38,17,7670631
GRCh37,17,7573949
GRCh37,17,7574025
GRCh38,17,7670707
GRCh37,17,7574027
GRCh38,17,7670709
GRCh37,17,7574030
GRCh38,17,7670712
GRCh37,17,7576903
GRCh38,17,7673585
GRCh37,17,7576922
GRCh38,17,7673604
GRCh37,17,7576931
GRCh38,17,7673613
GRCh37,17,7577032
GRCh38,17,7673714
GRCh37,17,7577035
GRCh38,17,7673717
GRCh37,17,7577047
GRCh38,17,7673729
GRCh37,17,7577082
GRCh38,17,7673764
GRCh37,17,7577086
GRCh38,17,7673768
GRCh37,17,7577101
GRCh38,17,7673783
GRCh37,17,7577108
GRCh38,17,7673790
GRCh37,17,7577111
GRCh38,17,7673793
GRCh37,17,7577124
GRCh38,17,7673806
GRCh37,17,7577499
GRCh38,17,7674181
GRCh37,17,7577513
GRCh38,17,7674195
GRCh38,17,7674222
GRCh37,17,7577540
GRCh37,17,7577541
GRCh38,17,7674223
GRCh37,17,7577545
GRCh38,17,7674227
GRCh37,17,7577554
GRCh38,17,7674236
GRCh37,17,7577585
GRCh38,17,7674267
GRCh37,17,7578183
GRCh38,17,7674865
GRCh37,17,7578183
GRCh38,17,7674865
GRCh37,17,7578188
GRCh38,17,7674870
GRCh37,17,7578192
GRCh38,17,7674874
GRCh37,17,7578195
GRCh38,17,7674877
GRCh37,17,7578231
GRCh38,17,7674913
GRCh37,17,7578234
GRCh38,17,7674916
GRCh37,17,7578237
GRCh38,17,7674919
GRCh37,17,7578271
GRCh38,17,7674953
GRCh37,17,7578271
GRCh38,17,7674953
GRCh37,17,7578372
GRCh38,17,7675054
GRCh37,17,7578375
GRCh38,17,7675057
GRCh37,17,7578398
GRCh38,17,7675080
GRCh37,17,7578403
GRCh38,17,7675085
GRCh37,17,7578415
GRCh38,17,7675097
GRCh37,17,7578420
GRCh38,17,7675102
GRCh37,17,7578421
GRCh38,17,7675103
GRCh37,17,7578443
GRCh38,17,7675125
GRCh37,17,7578456
GRCh38,17,7675138
GRCh37,17,7578461
GRCh38,17,7675143
GRCh37,17,7578462
GRCh38,17,7675144
GRCh37,17,7578465
GRCh38,17,7675147
GRCh37,17,7578466
GRCh38,17,7675148
GRCh37,17,7578494
GRCh38,17,7675176
GRCh37,17,7578497
GRCh38,17,7675179
GRCh37,17,7578498
GRCh38,17,7675180
GRCh37,17,7578499
GRCh38,17,7675181
GRCh37,17,7578503
GRCh38,17,7675185
GRCh37,17,7578511
GRCh38,17,7675193
GRCh37,17,7578517
GRCh38,17,7675199
GRCh37,17,7578521
GRCh38,17,7675203
GRCh37,17,7578522
GRCh38,17,7675204
GRCh37,17,7578522
GRCh38,17,7675204
GRCh37,17,7578540
GRCh38,17,7675222
GRCh37,17,7578556
GRCh38,17,7675238
GRCh37,17,7578556
GRCh38,17,7675238
GRCh37,17,7579313
GRCh38,17,7675995
GRCh37,17,7579333
GRCh38,17,7676015
GRCh37,17,7579382
GRCh38,17,7676064
GRCh37,17,7579420
GRCh38,17,7676102
GRCh37,17,7579432
GRCh38,17,7676114
GRCh37,17,7579432
GRCh38,17,7676114
GRCh37,17,7579438
GRCh38,17,7676120
GRCh37,17,7579441
GRCh38,17,7676123
GRCh37,17,7579453
GRCh38,17,7676135
GRCh37,17,7579465
GRCh38,17,7676147
GRCh37,17,7579471
GRCh38,17,7676153
GRCh37,17,7579472
GRCh38,17,7676154
GRCh37,17,7579477
GRCh38,17,7676159
GRCh37,17,7579483
GRCh38,17,7676165
GRCh37,17,7579486
GRCh38,17,7676168
GRCh37,17,7579507
GRCh38,17,7676189
GRCh37,17,7579538
GRCh38,17,7676220
GRCh37,17,7579540
GRCh38,17,7676222
GRCh37,17,7579542
GRCh38,17,7676224
GRCh37,17,7579546
GRCh38,17,7676228
GRCh37,17,7579564
GRCh38,17,7676246
GRCh37,17,7579585
GRCh38,17,7676267
GRCh37,17,7579587
GRCh38,17,7676269
GRCh37,17,7579587
GRCh38,17,7676269
GRCh37,17,7579593
GRCh38,17,7676275
GRCh37,17,7579713
GRCh38,17,7676395
GRCh37,17,7579847
GRCh38,17,7676529
GRCh37,17,7579850
GRCh38,17,7676532
GRCh37,17,7579853
GRCh38,17,7676535
GRCh38,17,7676553
GRCh37,17,7579871
GRCh37,17,7579883
GRCh38,17,7676565
GRCh37,17,7579905
GRCh38,17,7676587
GRCh37,17,7579907
GRCh38,17,7676589
SNOMED CT:428850001",germline,GRCh37
SNOMED CT:428850001",germline,GRCh38
SNOMED CT:428850001",germline,GRCh37
SNOMED CT:428850001",germline,GRCh38
SNOMED CT:428850001",germline,GRCh37
SNOMED CT:428850001",germline,GRCh38
SNOMED CT:428850001",germline,GRCh37
SNOMED CT:428850001",germline,GRCh38
SNOMED CT:428850001",germline,GRCh37
SNOMED CT:428850001",germline,GRCh38
SNOMED CT:428850001",germline,GRCh37
SNOMED CT:428850001",germline,GRCh38
Orphanet:ORPHA69077",germline,GRCh37
Orphanet:ORPHA69077",germline,GRCh38
Orphanet:ORPHA1465",germline,NA
germline,GRCh37,19
germline,GRCh38,19
germline,GRCh37,19
germline,GRCh38,19
germline,GRCh37,19
germline,GRCh38,19
germline,GRCh37,19
germline,GRCh38,19
germline,GRCh37,19
germline,GRCh38,19
GRCh37,19,11123650
GRCh38,19,11012974
NCBI36,19,10984650
GRCh37,19,11145751
GRCh38,19,11035075
NCBI36,19,11006751
GRCh37,19,11132331
GRCh38,19,11021655
NCBI36,19,10993331
GRCh37,19,11136182
GRCh38,19,11025506
NCBI36,19,10997182
19,11098596,11098596
19,10987920,10987920
19,11101993,11101993
19,10991317,10991317
19,11102007,11102007
19,10991331,10991331
19,11105593,11105593
19,10994917,10994917
19,11105608,11105608
19,10994932,10994932
19,11136215,11136215
19,11025539,11025539
19,11144847,11144847
19,11034171,11034171
19,11145691,11145691
19,11035015,11035015
19,11169000,11169000
19,11058324,11058324
19,11169514,11169514
19,11058838,11058838
19,11170839,11170839
19,11060163,11060163
19,11098397,11098397
19,10987721,10987721
19,11098412,11098412
19,10987736,10987736
19,11132177,11132177
19,11021501,11021501
19,11132291,11132291
19,11021615,11021615
19,11132315,11132315
19,11021639,11021639
19,11141585,11141585
19,11030909,11030909
19,11172493,11172493
19,11061817,11061817
19,10984227,10984227
19,11094903,11094903
19,11003131,11003131
19,11113807,11113807
19,11041427,11041427
19,11152103,11152103
19,10986545,10986556
19,11097221,11097232
19,11097111,11097111
19,10986435,10986435
19,11097098,11097098
19,10986422,10986422
19,11097240,11097240
19,10986564,10986564
19,11169476,11169476
19,11058800,11058800
19,11144509,11144509
19,11033833,11033833
19,11150179,11150179
19,11039503,11039503
19,11150174,11150174
19,11039498,11039498
Orphanet:ORPHA69077",unknown,GRCh38
Orphanet:ORPHA69077",unknown,GRCh37
Orphanet:ORPHA69077",unknown,GRCh38
Orphanet:ORPHA69077",unknown,GRCh37
Orphanet:ORPHA69077",unknown,GRCh37
Orphanet:ORPHA69077",unknown,GRCh38
Orphanet:ORPHA69077",germline,GRCh38
Orphanet:ORPHA69077",germline,GRCh37
Orphanet:ORPHA69077",unknown,GRCh38
Orphanet:ORPHA69077",unknown,GRCh37
